<?xml version="1.0"?>
<CarDesign numParts="80">
<Chassis def="Cabin_Moby_935" pos="0.000 0.600 0.000">
<Part def="CarPart_PowerGiver_legend" weld_pos="0.000 0.300 -4.200" weld_rot_idx="9"/>
<Part def="CarPart_Booster_epic" weld_pos="1.350 0.450 -1.500" weld_rot_idx="0"/>
<Part def="CarPart_ChassisLight1x8" weld_pos="1.050 0.600 -5.100" weld_rot_idx="18"/>
<Part def="CarPart_ChassisLight1x8" weld_pos="-1.050 0.600 -5.100" weld_rot_idx="18"/>
<Part def="CarPart_Booster_epic" weld_pos="1.650 0.450 -4.500" weld_rot_idx="0"/>
<Part def="CarPart_Booster_epic" weld_pos="-1.650 0.450 -4.500" weld_rot_idx="0"/>
<Part def="CarPart_WheelMedium_epic_S" weld_pos="-1.050 0.300 -6.300" weld_rot_idx="0"/>
<Part def="CarPart_Booster_epic" weld_pos="-1.350 0.450 -1.500" weld_rot_idx="0"/>
<Part def="CarPart_WheelMedium_epic_S" weld_pos="1.050 0.300 -6.300" weld_rot_idx="0"/>
<Part def="CarPart_ChassisBase1x6" weld_pos="0.750 0.600 -3.300" weld_rot_idx="22"/>
<Part def="CarPart_ChassisBase1x6" weld_pos="-0.750 0.600 -3.300" weld_rot_idx="22"/>
<Part def="CarPart_ChassisBase1x8" weld_pos="-0.750 0.600 -1.200" weld_rot_idx="22"/>
<Part def="CarPart_ChassisBase1x8" weld_pos="0.750 0.600 -1.200" weld_rot_idx="22"/>
<Part def="CarPart_WheelMedium_epic_S" weld_pos="-0.750 0.300 -3.600" weld_rot_idx="0"/>
<Part def="CarPart_WheelMedium_epic_S" weld_pos="-0.750 0.300 0.600" weld_rot_idx="0"/>
<Part def="CarPart_ChassisLight6" weld_pos="0.000 0.600 -6.600" weld_rot_idx="0"/>
<Part def="CarPart_ChassisLight1x6" weld_pos="-1.050 0.600 -7.200" weld_rot_idx="22"/>
<Part def="CarPart_ChassisLight1x6" weld_pos="1.050 0.600 -7.200" weld_rot_idx="22"/>
<Part def="CarPart_ChassisLight2x6" weld_pos="0.900 0.600 -8.400" weld_rot_idx="4"/>
<Part def="CarPart_ChassisLight2x6" weld_pos="-0.900 0.600 -8.400" weld_rot_idx="4"/>
<Part def="CarPart_BumperSpike_rare" weld_pos="0.000 0.450 -7.200" weld_rot_idx="0"/>
<Part def="CarPart_Structure_CyberEast_Bumper_Front_01" weld_pos="0.000 0.000 -8.700" weld_rot_idx="0"/>
<Part def="CarPart_Buggy_bumper" weld_pos="1.800 0.300 -9.000" weld_rot_idx="0"/>
<Part def="CarPart_Buggy_bumper" weld_pos="-1.800 0.300 -9.000" weld_rot_idx="0"/>
<Part def="CarPart_BumperSpike_rare" weld_pos="2.100 0.300 -7.650" weld_rot_idx="2"/>
<Part def="CarPart_BumperSpike_rare" weld_pos="-2.100 0.300 -7.650" weld_rot_idx="7"/>
<Part def="CarPart_ChassisLight1x6" weld_pos="1.800 0.600 -3.150" weld_rot_idx="0"/>
<Part def="CarPart_ChassisLight1x6" weld_pos="-1.800 0.600 -3.150" weld_rot_idx="0"/>
<Part def="CarPart_ChassisLight1x6" weld_pos="1.800 0.600 1.350" weld_rot_idx="0"/>
<Part def="CarPart_ChassisLight1x6" weld_pos="-1.800 0.600 1.350" weld_rot_idx="0"/>
<Part def="CarPart_Grid_2" weld_pos="1.800 1.500 -3.900" weld_rot_idx="0"/>
<Part def="CarPart_Grid_2" weld_pos="-1.800 1.500 -3.900" weld_rot_idx="0"/>
<Part def="CarPart_Grid_1" weld_pos="1.200 1.500 -6.300" weld_rot_idx="22"/>
<Part def="CarPart_Structure_trunk" weld_pos="-2.850 1.500 -3.600" weld_rot_idx="23"/>
<Part def="CarPart_Structure_trunk" weld_pos="-2.550 1.500 -1.800" weld_rot_idx="23"/>
<Part def="CarPart_Structure_trunk" weld_pos="2.850 1.500 -3.600" weld_rot_idx="19"/>
<Part def="CarPart_Structure_trunk" weld_pos="2.550 1.500 -1.800" weld_rot_idx="19"/>
<Part def="CarPart_Avia_fender_l" weld_pos="2.400 1.800 -4.950" weld_rot_idx="10"/>
<Part def="CarPart_Avia_fender_r" weld_pos="-2.400 1.800 -4.950" weld_rot_idx="15"/>
<Part def="CarPart_Grid_4" weld_pos="-1.800 1.800 -5.100" weld_rot_idx="20"/>
<Part def="CarPart_Blade_rare" weld_pos="1.650 2.100 -8.100" weld_rot_idx="0"/>
<Part def="CarPart_Gun_GrenadeLauncher_Burst" weld_pos="0.000 0.600 -4.800" weld_rot_idx="0"/>
<Part def="CarPart_ChassisLight1x8" weld_pos="0.750 0.600 1.200" weld_rot_idx="22"/>
<Part def="CarPart_ChassisLight1x8" weld_pos="-0.750 0.600 1.200" weld_rot_idx="22"/>
<Part def="CarPart_AviaWing8x1x3" weld_pos="3.150 0.450 -6.900" weld_rot_idx="21"/>
<Part def="CarPart_AviaWing8x1x3" weld_pos="-3.150 0.450 -6.900" weld_rot_idx="21"/>
<Part def="CarPart_Tribal_Box_8x1x4" weld_pos="2.700 0.600 0.300" weld_rot_idx="10"/>
<Part def="CarPart_Tribal_Box_8x1x4" weld_pos="-2.700 0.600 0.300" weld_rot_idx="11"/>
<Part def="CarPart_Structure_Raider_Boxslope_3x1x7" weld_pos="3.000 0.450 -4.350" weld_rot_idx="14"/>
<Part def="CarPart_Structure_Raider_Boxslope_3x1x7" weld_pos="3.000 0.450 -2.250" weld_rot_idx="14"/>
<Part def="CarPart_ChassisLight1x4" weld_pos="-2.850 0.600 -3.300" weld_rot_idx="22"/>
<Part def="CarPart_Structure_Raider_Boxslope_3x1x7" weld_pos="-3.000 0.450 -4.350" weld_rot_idx="11"/>
<Part def="CarPart_Structure_Raider_Boxslope_3x1x7" weld_pos="-3.000 0.450 -2.250" weld_rot_idx="11"/>
<Part def="CarPart_ChassisLight1x4" weld_pos="2.850 0.600 -3.300" weld_rot_idx="22"/>
<Part def="CarPart_Structure_trunk" weld_pos="-2.400 0.750 2.400" weld_rot_idx="21"/>
<Part def="CarPart_Tribal_Box_4x4x2" weld_pos="1.500 0.900 3.300" weld_rot_idx="7"/>
<Part def="CarPart_Tribal_Box_4x4x2" weld_pos="-1.500 0.900 3.300" weld_rot_idx="7"/>
<Part def="CarPart_WheelMedium_epic_S" weld_pos="0.750 0.300 0.600" weld_rot_idx="0"/>
<Part def="CarPart_Structure_trunk" weld_pos="2.400 0.750 2.400" weld_rot_idx="16"/>
<Part def="CarPart_Avia_lafet" weld_pos="1.200 1.200 -3.000" weld_rot_idx="2"/>
<Part def="CarPart_Fender_L_Pestilence" weld_pos="1.500 1.650 -2.400" weld_rot_idx="18"/>
<Part def="CarPart_Grid_4" weld_pos="1.500 2.100 -7.500" weld_rot_idx="23"/>
<Part def="CarPart_Avia_lafet" weld_pos="-1.200 1.200 -3.000" weld_rot_idx="2"/>
<Part def="CarPart_Grid_4" weld_pos="-1.500 2.100 -7.500" weld_rot_idx="19"/>
<Part def="CarPart_Blade_rare" weld_pos="-1.650 2.100 -8.100" weld_rot_idx="0"/>
<Part def="CarPart_Fender_R_Pestilence" weld_pos="-1.500 1.650 -2.400" weld_rot_idx="22"/>
<Part def="CarPart_Blade_rare" weld_pos="1.050 1.800 -6.900" weld_rot_idx="0"/>
<Part def="CarPart_Blade_rare" weld_pos="-1.050 1.800 -6.900" weld_rot_idx="0"/>
<Part def="CarPart_Grid_1" weld_pos="-1.200 1.500 -6.300" weld_rot_idx="22"/>
<Part def="CarPart_Grid_4" weld_pos="1.800 1.800 -5.100" weld_rot_idx="17"/>
<Part def="CarPart_Barrel" weld_pos="0.000 0.300 -0.150" weld_rot_idx="2"/>
<Part def="CarPart_Stealth_legend" weld_pos="0.000 -0.000 -1.650" weld_rot_idx="0"/>
<Part def="CarPart_Cooldown_Accelerator_epic" weld_pos="0.000 0.600 -2.700" weld_rot_idx="13"/>
<Part def="CarPart_CyberEast_Spoiler_02" weld_pos="0.000 0.900 -1.800" weld_rot_idx="0"/>
<Part def="CarPart_ModuleTank_rare" weld_pos="-0.300 0.300 0.000" weld_rot_idx="22"/>
<Part def="CarPart_Engine_epic" weld_pos="0.000 0.596 0.901" weld_rot_idx="2"/>
<Part def="CarPart_Avia_lafet" weld_pos="0.000 0.600 2.400" weld_rot_idx="6"/>
<Part def="CarPart_Zubilo_Trunk" weld_pos="0.000 0.900 3.900" weld_rot_idx="3"/>
<Part def="CarPart_CyberEast_Spoiler_02" weld_pos="0.000 0.600 3.900" weld_rot_idx="6"/>
</Chassis>
</CarDesign>